﻿<?xml version="1.0" encoding="UTF-8"?>
<addon
  id="skin.livebox"
  version="1.0.3"
  name="The Live Box"
  provider-name="The Live Box">
  <requires>
    <import addon="xbmc.gui" version="5.10.0"/>
  </requires>
  <extension
    point="xbmc.gui.skin"
    debugging="false"
    effectslowdown="1.0">
    <res width="1280" height="720" aspect="16:9" default="true" folder="720p" />
  </extension>
  <extension point="xbmc.addon.metadata">
    <summary lang="en">Welcome to The Live Box!</summary>
    <platform>all</platform>
  </extension>
</addon>
