<?xml version="1.0" encoding="UTF-8" standalone="yes"?>
<addon id="script.video.thelivebox" name="THE LIVE BOX" version="2.0.4" provider-name="The Live Box">
    <requires>
        <import addon="xbmc.python" version="2.1.0"/>
        <import addon="plugin.video.thelivebox" version="2.0.4"/>
    </requires>	
    <extension point="xbmc.python.script" library="default.py">
        <provides>video</provides>
    </extension>
	<extension point="xbmc.service" library="service.py" start="startup" />
    <extension point="xbmc.addon.metadata">
		<summary lang="en">Welcome to The Live Box!</summary>
		<description lang="en">Welcome to The Live Box! The Live Box produces video programming for businesses that is curated content to the client.  The Live Box features rich, lifestyle programming that helps businesses brand and market to their clients through HDTV's, iPads, Social Media and web. Programming is updated monthly and can include On Location filming segments as well. Find out more by visiting www.thelivebox.com.</description>
		<platform>all</platform>
  </extension>
</addon>