<?xml version="1.0" encoding="utf-8"?>
<window>    
    <allowoverlay>no</allowoverlay>
    <coordinates>
        <system>1</system>
        <posx>0</posx>
        <posy>0</posy>
    </coordinates>
   <defaultcontrol always="true">59</defaultcontrol>

    <controls>
        <control type="image">
            <description>Background Image</description>
            <posx>0</posx>
            <posy>0</posy>
            <width>1280</width>
            <height>720</height>
            <texture>lb_background.jpg</texture>
            <fadetime>500</fadetime>
        </control>

        <control type="group" id="5000"> <-- Everything -->
            <posx>-5000</posx>
            <posy>-5000</posy>

        <control type="group" id="5001"> <-- Video (main) Page -->
		<control type="image">
			<posx>0</posx>
			<posy>0</posy>
			<width>1280</width>
			<height>720</height>                
			<fadetime>500</fadetime>					
			<texture>$INFO[ListItem.Property(Fanart)]</texture>
			<aspectratio>stretch</aspectratio>
		</control>

		<control type="label">
			<posx>0</posx>
			<posy>220</posy>
			<width>1280</width>
			<height>25</height>
			<font>font35_title</font>
			<textcolor>white</textcolor>
			<align>center</align>
			<aligny>center</aligny>
			<label>$ADDON[script.video.thelivebox 50001]</label>
		</control>					
		
		<control type="image">
			<posx>75</posx>
			<posy>60</posy>
			<width>1130</width>
			<height>600</height>
		</control>
		<control type="image">
			<posx>75</posx>
			<posy>652</posy>
			<width>1130</width>
			<height>64</height>
		</control>
		
		<control type="fixedlist" id="59">
                                <focusposition>2</focusposition>
				<movement>2</movement>
				<orientation>Horizontal</orientation>

				<posx>90</posx>
				<posy>360</posy>
				<width>1080</width>
				<height>186</height>
				<onleft>59</onleft>
				<onright>159</onright>
				<onup>5009</onup>
				<ondown>5010</ondown>	
				<pagecontrol>159</pagecontrol>
				<scrolltime>200</scrolltime>
				<preloaditems>2</preloaditems>
				<itemlayout height="186" width="216">					
					<control type="image">
						<posx>1</posx>
						<posy>0</posy>
						<width>214</width>
						<height>160</height>
						<aspectratio>scale</aspectratio>
						<bordertexture1 border="5">button-nofocus.png</bordertexture1>
						<bordersize>5</bordersize>
						<texture>$INFO[Listitem.Icon]</texture>
					</control>
					<control type="label">
						<posx>8</posx>
						<posy>160</posy>
						<width>200</width>
						<height>25</height>
						<font>font12</font>
						<textcolor>grey2</textcolor>
						<selectedcolor>selected</selectedcolor>
						<align>center</align>
						<aligny>center</aligny>
						<info>ListItem.Label</info>
					</control>					
				</itemlayout>
				<focusedlayout height="186" width="216">					
					<control type="image">
						<posx>1</posx>
						<posy>0</posy>
						<width>214</width>
						<height>160</height>
						<aspectratio>scale</aspectratio>
						<bordertexture border="5">lb_folder-focus.png</bordertexture>
						<bordersize>5</bordersize>
						<texture>$INFO[Listitem.Icon]</texture>
						<animation effect="zoom" start="105" end="100" time="150" tween="sine" easing="in" center="auto" >Focus</animation>
					</control>					
					<control type="image">
						<posx>1</posx>
						<posy>0</posy>
						<width>214</width>
						<height>160</height>
						<aspectratio>scale</aspectratio>
						<bordertexture border="5">lb_folder-focus.png</bordertexture>
						<bordersize>5</bordersize>
						<texture>$INFO[ListItem.Property(Gif)]</texture>
						<animation effect="zoom" start="110" end="100" time="150" tween="sine" easing="in" center="auto" >Focus</animation>
					</control>					

					<control type="label">
						<posx>8</posx>
						<posy>160</posy>
						<width>200</width>
						<height>25</height>
						<font>font12</font>
						<textcolor>white</textcolor>
						<selectedcolor>selected</selectedcolor>
						<align>center</align>
						<aligny>center</aligny>
						<info>ListItem.Label</info>
					</control>					
				</focusedlayout>
			</control>
			
			<control type="scrollbar" id="159">
				<posx>1170</posx>
				<posy>352</posy>
				<width>25</width>
				<height>180</height>
				<texturesliderbackground border="0,14,0,14">ScrollBarV.png</texturesliderbackground>
				<texturesliderbar border="0,14,0,14">ScrollBarV_bar.png</texturesliderbar>
				<texturesliderbarfocus border="0,14,0,14">ScrollBarV_bar_focus.png</texturesliderbarfocus>
				<textureslidernib>ScrollBarNib.png</textureslidernib>
				<textureslidernibfocus>ScrollBarNib.png</textureslidernibfocus>
				<onleft>59</onleft>
				<onright>59</onright>
				<showonepage>false</showonepage>
				<orientation>vertical</orientation>
				<visible>Control.IsVisible(59)</visible>
                                <visible>True</visible>
			</control>

                        <control type="button" id="5009">
			    <description>Settings button</description>
			    <posx>1000</posx>
			    <posy>100</posy>
			    <width>200</width>
			    <height>80</height>
                            <align>center</align>
			    <aligny>center</aligny>
                            <font>font35_title</font>
			    <textcolor>white</textcolor>
			    <focusedcolor>white</focusedcolor>
			    <texturefocus border="5">button-focus2.png</texturefocus>
                            <onup>5010</onup>
			    <ondown>59</ondown>		
			    <label>$ADDON[script.video.thelivebox 50007]</label>
		        </control>

                        <control type="button" id="5010">
			    <description>Check for downloads button</description>
			    <posx>290</posx>
  			    <posy>600</posy>
			    <width>700</width>
			    <height>80</height>
                            <align>center</align>
			    <aligny>center</aligny>
                            <font>font35_title</font>
			    <textcolor>white</textcolor>
			    <focusedcolor>white</focusedcolor>
			    <texturefocus border="5">button-focus2.png</texturefocus>
                            <onup>59</onup>
			    <ondown>5009</ondown>		
			    <label>$ADDON[script.video.thelivebox 30075]</label>
		        </control>

        </control>

		<control type="group" id="5014"> <-- New video available Page -->
                    <control type="label">
			<posx>0</posx>
			<posy>220</posy>
			<width>1280</width>
			<height>25</height>
			<font>font35_title</font>
			<textcolor>white</textcolor>
			<align>center</align>
			<aligny>center</aligny>
			<label>$ADDON[script.video.thelivebox 50009]</label>
		    </control>

                    <control type="button" id="5015">
                        <description>Okay button</description>
                        <posx>540</posx>
                        <posy>400</posy>
                        <width>200</width>
                        <height>80</height>
                        <align>center</align>
                        <aligny>center</aligny>
                        <font>font35_title</font>
                        <textcolor>white</textcolor>
                        <focusedcolor>white</focusedcolor>
                        <texturefocus border="5">button-focus2.png</texturefocus>
                        <label>$ADDON[script.video.thelivebox 50010]</label>
		    </control>
                </control>



        <control type="group" id="5002"> <-- Connect to internet Page -->
		<control type="label">
			<posx>0</posx>
			<posy>220</posy>
			<width>1280</width>
			<height>25</height>
			<font>font35_title</font>
			<textcolor>white</textcolor>
			<align>center</align>
			<aligny>center</aligny>
			<label>$ADDON[script.video.thelivebox 50002]</label>
		</control>

                <control type="image">
			<posx>531</posx>
			<posy>380</posy>
			<width>218</width>
			<height>171</height>                
			<fadetime>500</fadetime>					
			<texture>button-focus2.png</texture>
                        <visible>Control.HasFocus(5003)</visible>
		</control>

		<control type="button" id="5003">
			<description>Internet Connect Button</description>
			<posx>531</posx>
			<posy>380</posy>
			<width>218</width>
			<height>171</height>                
			<fadetime>500</fadetime>					
			<texturenofocus>wifi.png</texturenofocus>
			<texturefocus>wifi.png</texturefocus>
			<onup>5004</onup>
			<ondown>5004</ondown>
			<animation effect="zoom" start="110" end="100" time="150" tween="sine" easing="in" center="auto" >Focus</animation>				
		</control>

                
                <control type="button" id="5004">
			<description>Internet Skip Button</description>
			<left>540</left>
			<top>600</top>
			<width>200</width>
			<height>80</height>
			<align>center</align>
			<aligny>center</aligny>
			<font>font35_title</font>
		        <label>$ADDON[script.video.thelivebox 50003]</label>				
			<onup>5003</onup>
			<ondown>5003</ondown>				
		</control>
        </control>


        <control type="group" id="5005"> <-- Enter email address Page -->
		<control type="label">
			<posx>0</posx>
			<posy>220</posy>
			<width>1280</width>
			<height>25</height>
			<font>font35_title</font>
			<textcolor>white</textcolor>
			<align>center</align>
			<aligny>center</aligny>
			<label>$ADDON[script.video.thelivebox 50005]</label>
		</control>

		<control type="label">
			<posx>0</posx>
			<posy>260</posy>
			<width>1280</width>
			<height>25</height>
			<font>font35</font>
			<textcolor>white</textcolor>
			<align>center</align>
			<aligny>center</aligny>
			<label>$ADDON[script.video.thelivebox 50006]</label>
		</control>
                
                <control type="button" id="5006">
			<description>Enter email address Skip Button</description>
			<left>540</left>
			<top>600</top>
			<width>200</width>
			<height>80</height>
			<align>center</align>
			<aligny>center</aligny>
			<font>font35_title</font>
		        <label>$ADDON[script.video.thelivebox 50003]</label>				
			<onup>5007</onup>
			<ondown>5008</ondown>				
		</control>

                <control type="button" id="5007">
			<description>Enter email address Submit Button</description>
			<left>540</left>
			<top>500</top>
			<width>200</width>
			<height>80</height>
			<align>center</align>
			<aligny>center</aligny>
			<font>font35_title</font>
		        <label>$ADDON[script.video.thelivebox 50004]</label>				
			<onup>5008</onup>
			<ondown>5006</ondown>				
		</control>

                <control type="button" id="5008">
			<description>Enter email address button</description>
			<posx>390</posx>
			<posy>360</posy>
			<width>500</width>
			<height>80</height>
                        <align>center</align>
			<aligny>center</aligny>
                        <font>font35_title</font>
			<textcolor>white</textcolor>
			<focusedcolor>white</focusedcolor>
			<texturefocus border="5">button-focus2.png</texturefocus>
                        <onup>5006</onup>
			<ondown>5007</ondown>		
		</control>
        </control>

        <control type="group" id="5011"> <-- Initial setup - check for downloadable content -->
		<control type="label">
			<posx>0</posx>
			<posy>220</posy>
			<width>1280</width>
			<height>25</height>
			<font>font35_title</font>
			<textcolor>white</textcolor>
			<align>center</align>
			<aligny>center</aligny>
			<label>$ADDON[script.video.thelivebox 50008]</label>
		</control>

                
                <control type="button" id="5012">
			<description>Initial Setup Skip Button</description>
			<left>540</left>
			<top>600</top>
			<width>200</width>
			<height>80</height>
			<align>center</align>
			<aligny>center</aligny>
			<font>font35_title</font>
		        <label>$ADDON[script.video.thelivebox 50003]</label>				
			<onup>5013</onup>
			<ondown>5013</ondown>				
		</control>

                 <control type="button" id="5013">
			<description>Check for downloads button</description>
			<posx>290</posx>
  			<posy>400</posy>
			<width>700</width>
			<height>80</height>
                        <align>center</align>
			<aligny>center</aligny>
                        <font>font35_title</font>
			<textcolor>white</textcolor>
			<focusedcolor>white</focusedcolor>
			<texturefocus border="5">button-focus2.png</texturefocus>
                        <onup>5012</onup>
			<ondown>5012</ondown>		
			<label>$ADDON[script.video.thelivebox 30075]</label>
		    </control>

        </control>

        <control type="grouplist">
		<posx>10</posx>
		<posy>0</posy>
		<width>1280</width>
		<height>720</height>
		<orientation>horizontal</orientation>
		<align>left</align>
		<itemgap>5</itemgap>
			
		<control type="label">                        
 			<textcolor>white</textcolor>
			<label>$INFO[Window(10000).Property(LB_TITLE)]</label>
		</control>
	</control>

        <control type="grouplist">
		<posx>1154</posx>
		<posy>-2</posy>
		<width>1280</width>
		<height>720</height>
		<orientation>horizontal</orientation>
		<align>left</align>
		<itemgap>5</itemgap>

		<control type="label">
                        <align>right</align>
                        <font>font28_title</font>
 			<textcolor>white</textcolor>
                        <label>$INFO[System.Time]</label>
                        <animation effect="slide" start="0,0" end="-40,0" time="100" condition="Window.IsVisible(Mutebug)">conditional</animation>
		</control>

	</control>

        </control>	
    </controls>
</window>
